{"cameraMode":{"drawMode":0,"name":"Shaded","section":"Shading Mode"},"sceneLighting":true,"audioPlay":false,"sceneViewState":{"showFog":true,"showMaterialUpdate":true,"showSkybox":true,"showFlares":true,"showImageEffects":true,"showParticleSystems":true},"in2DMode":false,"pivot":{"x":-2.1898484230041506,"y":-1.064758062362671,"z":-4.774202346801758},"rotation":{"x":0.020688848569989206,"y":0.0065961857326328758,"z":0.0001364240306429565,"w":-0.9997653365135193},"size":36.5416374206543,"orthographic":true}