{"cameraMode":{"drawMode":0,"name":"Shaded","section":"Shading Mode"},"sceneLighting":false,"audioPlay":false,"sceneViewState":{"showFog":true,"showMaterialUpdate":true,"showSkybox":false,"showFlares":true,"showImageEffects":true,"showParticleSystems":true},"in2DMode":false,"pivot":{"x":-11.398969650268555,"y":1.6204450130462647,"z":0.31402587890625},"rotation":{"x":0.03298868238925934,"y":0.017989464104175569,"z":-0.0005938688409514725,"w":0.9992936849594116},"size":12.490229606628418,"orthographic":false}